Workbook

Sheet BOM
A1: Bill of Materials: Input Material & Purchased Components
A2: Designer's Name | B2: Alex Hong
A3: Project Name | B3: Metal MIDI Keyboard (E to B: 12 white + 8 black = 20 keys)
A5: Part Description | B5: QTY | C5: Supplier / Source | D5: cost per unit | E5: out of pocket cost | F5: scavenged or free cost
A6: FABRICATED IN PRL - frame (sand cast, then milled)
A7: Frame casting stock: 356A aluminum ingot, sand cast in PRL foundry. Top Part (frame) 12.00" x 5.50" x 1.50" per Top_Part.step; QTY = pour weight in lb (see Assumptions) | B7: =Assumptions!B21 -> 3 | C7: PRL foundry metal stock (356A) | D7: =Assumptions!B19 -> 3.1 | E7: =B7*D7 -> 9.3 | F7: 0
A8: Frame casting pattern (TOOLING ONLY, not in final product): PLA, 3D printed (~0.30 kg), 2 deg draft, machining allowance | B8: 0.3 | C8: PRL rapid prototyping lab (Huang 36) - filament | D8: 20 | E8: =B8*D8 -> 6 | F8: 0
A9: Foundry consumables: oil-bonded sand, flux, crucible/furnace time, parting compound | B9: 1 | C9: PRL foundry | D9: 0 | E9: 0 | F9: =B9*D9 -> 0
A10: FABRICATED IN PRL - base (sand cast, then milled)
A11: Base casting stock: 356A aluminum, sand cast in PRL foundry. Base 12.00" x 5.50" x 0.50" per Base.step; QTY = pour weight in lb (see Assumptions) | B11: =Assumptions!B25 -> 4 | C11: PRL foundry metal stock (356A) | D11: =Assumptions!B19 -> 3.1 | E11: =B11*D11 -> 12.4 | F11: 0
A12: Base casting pattern (TOOLING ONLY, not in final product): PLA, 3D printed (~0.25 kg), 2 deg draft, machining allowance | B12: 0.25 | C12: PRL rapid prototyping lab (Huang 36) - filament | D12: 20 | E12: =B12*D12 -> 5 | F12: 0
A13: FABRICATED IN PRL - keys: 356A aluminum (cast blanks, then milled)
A14: Key blank casting stock: 356A aluminum, sand cast in PRL foundry. Two near-net profile bars: white-key bar 11.0" long (12 keys), black-key bar 4.2" long (8 keys); QTY = pour weight in lb | B14: =Assumptions!B22 -> 7 | C14: PRL foundry metal stock (356A) | D14: =Assumptions!B19 -> 3.1 | E14: =B14*D14 -> 21.7 | F14: 0
A15: Key bar casting patterns (TOOLING ONLY, not in final product): PLA, white + black profile bars, split at plate bottom (~0.20 kg) | B15: 0.2 | C15: PRL rapid prototyping lab (Huang 36) - filament | D15: 20 | E15: =B15*D15 -> 4 | F15: 0
A16: PURCHASED
A17: Key pivot rod: 303 stainless rotary shaft, 1/4" dia, finished length 11.00" (per pivot_rod.step). Retained with retaining compound in the blind hole (shop supply). Buy 12" length (McMaster has no 11"), cut to 11" on bandsaw and face/chamfer ends on lathe | B17: 1 | C17: McMaster-Carr 1257K66 | D17: 7 | E17: =B17*D17 -> 7 | F17: 0
A18: Key spacers, thick: ring shim, 1/4" ID, 0.036" thick, 18-8 stainless (need 3: white-white gaps E-F, B-C, E-F) | B18: 1 | C18: McMaster-Carr ring shims, 18-8 SS, 1/4" ID, 0.036" thick (pack) | D18: 8 | E18: =B18*D18 -> 8 | F18: 0
A19: Key spacers, thin: ring shim, 1/4" ID, 0.018" thick, 18-8 stainless (need 16: both sides of each of 8 black keys) | B19: 1 | C19: McMaster-Carr ring shims, 18-8 SS, 1/4" ID, 0.018" thick (pack) | D19: 8 | E19: =B19*D19 -> 8 | F19: 0
A20: Display window: clear soda-lime float glass, 2.5 mm (0.098") thick, cut to 1.10" x 10.85" (sits in cast rabbet, clear RTV) | B20: 1 | C20: Local glass / hardware shop, cut to size (stock: PSI 2.5 mm clear float glass, Ace Hardware mfr # 2.5MM30X42) | D20: 12 | E20: =B20*D20 -> 12 | F20: 0
A21: Key felt pads: self-adhesive felt, 1" dia x 3/16" thick, beige, 16/pack; 20 needed (one per key), so 2 packs. Trim with scissors for black keys. Adhesive is pre-applied, no extra glue | B21: 2 | C21: Master Caster 88496 Scratch Guard felt pads (pfstar.com) | D21: 3.89 | E21: =B21*D21 -> 7.78 | F21: 0
A22: Fasteners: 4-40 socket head cap screw, 18-8 stainless, 1/4" long, Ø0.183" head (need 4). Length to confirm in CAD | B22: 1 | C22: McMaster-Carr 92200A106 (pack of 10) | D22: 3.66 | E22: =B22*D22 -> 3.66 | F22: 0
A23: Electronics (key sensors/switches, microcontroller, wiring) - later phase, not in this BOM | B23: 0 | C23: TBD | D23: 0 | E23: =B23*D23 -> 0 | F23: 0
A24: PROTOTYPES (fill in materials used for Week 2-4 quick prototypes)
A25: [fill in] e.g. foam core / cardboard key mockup | B25: 1 | C25: [fill in] | D25: 0 | E25: 0 | F25: =B25*D25 -> 0
A26: [fill in] e.g. PLA test print of one key + rod | B26: 1 | C26: [fill in] | D26: 0 | E26: 0 | F26: =B26*D26 -> 0
D27: Total----> | E27: =E7+E8+E9+E11+E12+E15+E17+E18+E19+E20+E21+E22+E23+E25+E26+E14 -> 104.84 | F27: =F7+F8+F9+F11+F12+F15+F17+F18+F19+F20+F21+F22+F23+F25+F26+F14 -> 0
A29: Notes
A30: Project budget cap: $130. Yellow cells are estimates or placeholders to confirm before ordering. Blue = typed inputs; black = formulas.
A31: McMaster part numbers are real; McMaster does not publish prices off its own site, so prices shown are estimates to check at mcmaster.com.
A32: Casting quantities (lb) are computed on the Assumptions tab from frame/blank volumes; replace the assumed heights/thicknesses with CAD values.
A33: Tools and cutters (end mills, 4-40 tap, drills, saw) are PRL shop tooling and are not listed.

Sheet Assumptions
A1: Assumptions & weight estimates (update from CAD mass properties)
A2: Blue = input you can change. Yellow = estimate to verify before ordering.
A4: Frame (sand cast)
A5: Frame length | B5: 12 | C5: in | D5: From Top_Part.step
A6: Frame width | B6: 5.5 | C6: in | D6: From Top_Part.step
A7: Frame height | B7: 1.5 | C7: in | D7: From Top_Part.step
A8: Wall / floor thickness | B8: 0.25 | C8: in | D8: Not used (see CAD volume)
A9: Frame cast blank volume (from CAD) | B9: 16.152 | C9: in³ | D9: Top_Part.step (10/21 upload) with cast glass rabbet + .060 machining stock, measured in CAD
A10: Pour factor (sprue, runner, riser) | B10: 1.5 | C10: x | D10: ASSUMED
A11: Frame pour volume | B11: =B9*B10 -> 24.228 | C11: in³
A12: Key blanks (cast plates, then milled)
A13: White-key profile bar blank (from CAD) | B13: 36.46 | C13: in³ | D13: White key profile (2.57 in²) +.060 stock, 11.0 in long = 12 keys @ .800 + .100 saw/face allowance
A14: Black-key profile bar blank (from CAD) | B14: 12.5 | C14: in³ | D14: Black key profile (2.35 in²) +.060 stock, 4.2 in long = 8 keys @ .400 + .100 saw/face allowance
A15: Gating / riser factor | B15: 1.5 | C15: x | D15: ASSUMED (same as frame and base)
A16: Key pour volume | B16: =(B13+B14)*B15 -> 73.44 | C16: in³
A17: Material
A18: 356A aluminum density | B18: =160/1728 -> 0.092592593 | C18: lb/in³ | D18: 160 lb/ft³ per Sculpture Supply A356 ingot listing
A19: 356A price | B19: 3.1 | C19: $/lb | D19: Given by Alex (PRL foundry aluminum)
A20: Results
A21: Frame pour weight, 356A | B21: =ROUNDUP(B11*B18,0) -> 3 | C21: lb
A22: Key pour weight, 356A | B22: =ROUNDUP(B16*B18,0) -> 7 | C22: lb
A23: Base (sand cast)
A24: Base cast blank volume (from CAD) | B24: 25.642 | C24: in³ | D24: Sheet_Metal_Base.step (10/21 upload) + .060 stock on bottom and pocket, measured in CAD
A25: Base pour weight, 356A | B25: =ROUNDUP(B24*B10*B18,0) -> 4 | C25: lb | D25: Same pour factor as frame
